[
  {
    "success": {
      "fields": {
        "Success 200": [
          {
            "group": "Success 200",
            "optional": false,
            "field": "varname1",
            "description": "<p>No type.</p>"
          },
          {
            "group": "Success 200",
            "type": "String",
            "optional": false,
            "field": "varname2",
            "description": "<p>With type.</p>"
          }
        ]
      }
    },
    "type": "",
    "url": "",
    "version": "0.0.0",
    "filename": "./doc/main.js",
    "group": "/home/angel/Code/RB/test_api_4/doc/main.js",
    "groupTitle": "/home/angel/Code/RB/test_api_4/doc/main.js",
    "name": ""
  },
  {
    "type": "get",
    "url": "/user/:id",
    "title": "Request User information",
    "name": "GetUser",
    "group": "User",
    "version": "0.0.0",
    "filename": "./app/api/pets.rb",
    "groupTitle": "User"
  }
]
